example,database,record,rhythm,excluded_from_headline_table,ecg_image,melody_mp3,arrangement_mp3,score_plot,melody_midi,arrangement_midi,heart_rate_bpm,rmssd_ms,notes,pct_notes_off_scale,valence,arousal,emotion,melody_instrument,chords_consonant,chords_tense,chords_chaotic
04015_AFIB,afdb,04015,afib,False,ecg/04015_AFIB_ecg.png,audio/04015_AFIB_melody.mp3,audio/04015_AFIB_arrangement.mp3,examples/04015_AFIB/score.png,examples/04015_AFIB/melody.mid,examples/04015_AFIB/arrangement.mid,137,126.1,67,56.72,-0.67,0.76,tense_anxious,Distortion Guitar,5,9,3
04015_N,afdb,04015,normal,False,ecg/04015_N_ecg.png,audio/04015_N_melody.mp3,audio/04015_N_arrangement.mp3,examples/04015_N/score.png,examples/04015_N/melody.mid,examples/04015_N/arrangement.mid,80,7.6,40,0.0,1.0,-0.97,calm_relaxed,Acoustic Guitar (nylon),10,0,0
04043_AFIB,afdb,04043,afib,False,ecg/04043_AFIB_ecg.png,audio/04043_AFIB_melody.mp3,audio/04043_AFIB_arrangement.mp3,examples/04043_AFIB/score.png,examples/04043_AFIB/melody.mid,examples/04043_AFIB/arrangement.mid,128,134.9,63,52.38,-0.51,0.45,tense_anxious,Distortion Guitar,6,10,0
04043_N,afdb,04043,normal,False,ecg/04043_N_ecg.png,audio/04043_N_melody.mp3,audio/04043_N_arrangement.mp3,examples/04043_N/score.png,examples/04043_N/melody.mid,examples/04043_N/arrangement.mid,108,8.5,53,0.0,1.0,-0.96,calm_relaxed,Acoustic Guitar (nylon),14,0,0
04126_AFIB,afdb,04126,afib,False,ecg/04126_AFIB_ecg.png,audio/04126_AFIB_melody.mp3,audio/04126_AFIB_arrangement.mp3,examples/04126_AFIB/score.png,examples/04126_AFIB/melody.mid,examples/04126_AFIB/arrangement.mid,160,141.9,79,65.82,-0.89,0.85,tense_anxious,Distortion Guitar,3,12,5
04126_N,afdb,04126,normal,False,ecg/04126_N_ecg.png,audio/04126_N_melody.mp3,audio/04126_N_arrangement.mp3,examples/04126_N/score.png,examples/04126_N/melody.mid,examples/04126_N/arrangement.mid,79,18.6,39,0.0,0.93,-0.79,calm_relaxed,Acoustic Guitar (nylon),10,0,0
06995_AFIB,afdb,06995,afib,False,ecg/06995_AFIB_ecg.png,audio/06995_AFIB_melody.mp3,audio/06995_AFIB_arrangement.mp3,examples/06995_AFIB/score.png,examples/06995_AFIB/melody.mid,examples/06995_AFIB/arrangement.mid,112,122.8,55,50.91,-0.45,0.31,tense_anxious,Distortion Guitar,6,7,1
06995_N,afdb,06995,normal,False,ecg/06995_N_ecg.png,audio/06995_N_melody.mp3,audio/06995_N_arrangement.mp3,examples/06995_N/score.png,examples/06995_N/melody.mid,examples/06995_N/arrangement.mid,83,17.8,40,0.0,0.93,-0.81,calm_relaxed,Acoustic Guitar (nylon),10,0,0
08455_AFIB,afdb,08455,afib,False,ecg/08455_AFIB_ecg.png,audio/08455_AFIB_melody.mp3,audio/08455_AFIB_arrangement.mp3,examples/08455_AFIB/score.png,examples/08455_AFIB/melody.mid,examples/08455_AFIB/arrangement.mid,122,99.9,59,30.51,0.07,0.02,happy_excited,Marimba,11,4,0
08455_N,afdb,08455,normal,False,ecg/08455_N_ecg.png,audio/08455_N_melody.mp3,audio/08455_N_arrangement.mp3,examples/08455_N/score.png,examples/08455_N/melody.mid,examples/08455_N/arrangement.mid,79,8.3,38,0.0,1.0,-0.96,calm_relaxed,Acoustic Guitar (nylon),10,0,0
201_AFIB,mitdb,201,afib,False,ecg/201_AFIB_ecg.png,audio/201_AFIB_melody.mp3,audio/201_AFIB_arrangement.mp3,examples/201_AFIB/score.png,examples/201_AFIB/melody.mid,examples/201_AFIB/arrangement.mid,101,194.3,50,52.0,-0.58,0.76,tense_anxious,Distortion Guitar,3,9,1
201_N,mitdb,201,normal,False,ecg/201_N_ecg.png,audio/201_N_melody.mp3,audio/201_N_arrangement.mp3,examples/201_N/score.png,examples/201_N/melody.mid,examples/201_N/arrangement.mid,50,64.1,24,0.0,0.89,-0.69,calm_relaxed,Acoustic Guitar (nylon),6,0,0
202_AFIB,mitdb,202,afib,False,ecg/202_AFIB_ecg.png,audio/202_AFIB_melody.mp3,audio/202_AFIB_arrangement.mp3,examples/202_AFIB/score.png,examples/202_AFIB/melody.mid,examples/202_AFIB/arrangement.mid,125,146.9,61,32.79,-0.07,0.44,tense_anxious,Distortion Guitar,9,5,2
202_N,mitdb,202,normal,False,ecg/202_N_ecg.png,audio/202_N_melody.mp3,audio/202_N_arrangement.mp3,examples/202_N/score.png,examples/202_N/melody.mid,examples/202_N/arrangement.mid,56,37.4,27,0.0,0.89,-0.65,calm_relaxed,Acoustic Guitar (nylon),7,0,0
219_AFIB,mitdb,219,afib,True,ecg/219_AFIB_ecg.png,audio/219_AFIB_melody.mp3,audio/219_AFIB_arrangement.mp3,examples/219_AFIB/score.png,examples/219_AFIB/melody.mid,examples/219_AFIB/arrangement.mid,79,145.9,39,30.77,0.09,-0.08,calm_relaxed,Acoustic Guitar (nylon),9,1,0
219_N,mitdb,219,normal,True,ecg/219_N_ecg.png,audio/219_N_melody.mp3,audio/219_N_arrangement.mp3,examples/219_N/score.png,examples/219_N/melody.mid,examples/219_N/arrangement.mid,58,270.6,28,39.29,-0.34,0.9,tense_anxious,Distortion Guitar,3,2,2
